pretrained,finetuned,ground_truth
"The image appears to be a microscopic view of a biological sample, possibly a section of tissue or a neural network. The bright yellow structures are likely neurons or nerve fibers, while the blue spots could be nuclei or other cellular components. The overall dark background suggests a high contrast imaging technique, such as fluorescence microscopy, which is commonly used to visualize specific cellular structures or molecules.",The image depicts astrocytes stained with GFAP (green) and Sytox (blue).,"The image illustrates astrocytic morphology, focusing on the spatial interaction and distribution of GFAP and Cx43 within the healthy brain cortex."
"The image appears to be a microscopic view of a biological sample, possibly neurons or nerve cells. The yellow structures are likely the axons or dendrites of the cells, which are the long, branching extensions that transmit signals within the nervous system. The blue spots could be markers or stains used to highlight specific components of the cells, such as neurotransmitters or other cellular structures. The overall dark background suggests that the image was taken using a fluorescence microscope, where certain substances emit light when excited by a specific wavelength of light.","[{'type': 'text', 'text': 'The image captures astrocytic structures within the glioblastoma microenvironment, highlighting GFAP (astrocytic marker in yellow) and connexin 43 (gap junction marker in blue). The intricate astrocytic morphology and marker colocalization are presented in high resolution, illustrating cellular interactions within the tumor environment.'}]","The image illustrates astrocytic morphology, focusing on the spatial interaction and distribution of GFAP and Cx43 within the healthy brain cortex."
"The image appears to be a microscopic view of a biological or chemical sample. The yellow structures are likely to be filaments or fibers, possibly representing nerve fibers, microtubules, or some other type of cellular or molecular structure. The dark background suggests that the sample is under a microscope with a high magnification, and the yellow filaments are stained or illuminated to highlight their presence. The blue specks could be fluorescent markers or other particles in the sample.","[{'type': 'text', 'text': 'The image captures astrocytic structures marked by GFAP and gap junction proteins (CX43), highlighting their spatial relationship in the glioblastoma microenvironment.'}}","The image illustrates astrocytic morphology, focusing on the spatial interaction and distribution of GFAP and Cx43 within the healthy brain cortex."
"The image appears to be a microscopic view of a biological sample, possibly a section of tissue or a neural network. The yellow and red fluorescence indicates the presence of specific molecules or structures that have been stained with fluorescent dyes. The yellow areas are likely highlighting a particular type of cell or protein, while the red areas might be marking another component or a different type of cell. The dark background suggests that the image was taken using a fluorescence microscope, which allows for the visualization of these specific markers.","[{'type': 'text', 'text': 'The image captures astrocytic structures marked by GFAP and gap junction proteins connexin 43 within the glioblastoma microenvironment, highlighting cellular interactions and structural features of the tumor microarchitecture.'}}]","The image reveals the detailed distribution of GFAP and connexin 43 markers in astrocytic structures within the healthy brain cortex,  highlighting cellular morphology and marker interaction."
"The image appears to be a microscopic view of a biological sample, possibly a section of tissue or a neural network. The yellow and red colors suggest the use of fluorescent dyes or stains, which are commonly used in microscopy to highlight specific structures or proteins within cells. The yellow areas might represent a particular type of cell or protein, while the red areas could indicate another type or a different staining. The dark background contrasts with the brightly colored regions, making the details more visible.","[{'type': 'text', 'text': 'The image captures astrocytic structures marked by GFAP and gap junction proteins connexin 43 within the glioblastoma microenvironment, highlighting cellular interactions and structural features.'}]","The image reveals the detailed distribution of GFAP and connexin 43 markers in astrocytic structures within the healthy brain cortex,  highlighting cellular morphology and marker interaction."
"The image appears to be a microscopic view of a biological structure, likely a neuron or a section of neural tissue. The central area is highlighted in yellow, showing the intricate network of neuronal processes. Surrounding this central area, there are smaller red spots, which could represent other cells or cellular components. The overall dark background suggests a high contrast technique, possibly fluorescence microscopy, used to enhance the visibility of the structures.","[{'type': 'text', 'text': 'The image captures astrocytic structures marked by GFAP and gap junction proteins connexin 43 within the glioblastoma microenvironment, highlighting cellular and nuclear features.'}}]","The image reveals the detailed distribution of GFAP and connexin 43 markers in astrocytic structures within the healthy brain cortex,  highlighting cellular morphology and marker interaction."
"The image appears to be a microscopic view of a biological or cellular structure. The dark background suggests a low-light environment, possibly within a cell or tissue sample. The yellow and red structures within the image could be indicative of certain cellular components or markers. The yellow structures might represent proteins or other cellular components, while the red spots could be fluorescent markers used in staining techniques to highlight specific parts of the cells or tissues. The overall appearance suggests a scientific or medical context, possibly related to research on cell biology or pathology.","[{'type': 'text', 'text': 'The image captures astrocytic structures marked by GFAP, gap junction proteins highlighted with CX43, and nucleic acid staining visualized with Sytox in glioblastoma tissue.'}]","The image reveals the detailed distribution of GFAP and connexin 43 markers in astrocytic structures within the healthy brain cortex,  highlighting cellular morphology and marker interaction."
"The image appears to be a microscopic view of a biological sample, possibly stained with fluorescent dyes. The blue and yellow colors suggest the use of different dyes to highlight specific structures or proteins within the sample. The blue areas might represent one type of protein or cellular component, while the yellow areas could indicate another. This type of imaging is commonly used in research to study cellular structures, gene expression, or protein localization within cells.","[{'type': 'text', 'text': 'The image captures astrocytic structures marked by GFAP and gap junction proteins connexin 43 within the glioblastoma microenvironment, highlighting cellular and nuclear features.'}}]","The image highlights the organization and interaction of GFAP and Cx43 within the astrocytic structures of a healthy rat brain cortex,  emphasizing marker distribution in fine astrocytic processes."
"The image appears to be a microscopic view of a biological sample, likely stained with fluorescent dyes. The blue and yellow colors suggest the use of different dyes to highlight specific structures or molecules within the sample. The blue areas might represent a different type of cell or tissue, while the yellow areas could indicate another type or a different state of the same type of cell. The intricate network of yellow structures could be neural pathways or other complex biological networks. This type of imaging is commonly used in research to study cellular and molecular processes.","[{'type': 'text', 'text': 'The image captures astrocytic structures marked by GFAP, gap junction proteins visualized with CX43 antibody, and nucleic acid staining highlighted by Sytox in glioblastoma tissue.'}}","The image highlights the organization and interaction of GFAP and Cx43 within the astrocytic structures of a healthy rat brain cortex,  emphasizing marker distribution in fine astrocytic processes."
"The image appears to be a microscopic view of a biological sample, likely stained with fluorescent dyes. The blue spots are likely representing a specific type of cell or cellular component, while the yellow structures could be indicative of another type of cell or a different cellular component. The dark background suggests that the image was taken using a fluorescence microscope, where certain structures are highlighted by the use of fluorescent markers.","[{'type': 'text', 'text': 'The image captures astrocytic structures marked by GFAP, highlighting their distribution and interaction within the glioblastoma microenvironment.'}}","The image highlights the organization and interaction of GFAP and Cx43 within the astrocytic structures of a healthy rat brain cortex,  emphasizing marker distribution in fine astrocytic processes."
